,M,M.1,F,N,K,Q,I,F.1,T,I.1,L,I.2,L.1,S,L.2,S.1,L.3,A,L.4,A.1,G,S.2,G.1,C,I.3,S.3,E,G.2,A.2,E.1,D,N.1,V,A.3,Q.1,E.2,I.4,T.1,V.1,D.1,E.3,F.2,S.4,N.2,I.5,R,E.4,N.3,P,V.2,T.2,P.1,W,N.4,P.2,E.5,P.3,S.5,A.4,P.4,V.3,I.6,D.2,P.5,T.3,A.5,Y,I.7,D.3,P.6,Q.2,A.6,S.6,V.4,I.8,G.3,E.6,V.5,T.4,I.9,G.4,A.7,N.5,V.6,M.2,V.7,S.7,P.7,M.3,A.8,S.8,I.10,R.1,S.9,D.4,E.7,G.5,M.4,P.8,I.11,F.3,V.8,G.6,D.5,R.2,S.10,N.6,V.9,Q.3,D.6,G.7,V.10,V.11,L.5,H,A.9,L.6,E.8,T.5,I.12,N.7,E.9,E.10,G.8,E.11,P.9,I.13,E.12,D.7,N.8,I.14,V.12,E.13,V.13,D.8,G.9,K.1,E.14,Y.1,A.10,V.14,Y.2,I.15,G.10,N.9,N.10,V.15,S.11,L.7,A.11,H.1,Q.4,S.12,Q.5,V.16,H.2,G.11,P.10,A.12,A.13,V.17,G.12,D.9,D.10,T.6,F.4,I.16,G.13,M.5,Q.6,A.14,F.5,V.18,F.6,K.2,S.13,K.3,V.19,G.14,N.11,N.12,C.1,V.20,L.8,E.15,P.11,R.3,S.14,A.15,A.16,I.17,G.15,V.21,T.7,I.18,P.12,D.11,G.16,R.4,Y.3,I.19,P.13,A.17,G.17,M.6,V.22,V.23,T.8,S.15,Q.7,A.18,E.16,A.19,D.12,K.4,L.9,P.14,E.17,V.24,T.9,D.13,D.14,Y.4,A.20,Y.5,S.16,H.3,T.10,N.13,E.18,A.21,V.25,V.26,Y.6,V.27,N.14,V.28,H.4,L.10,A.22,E.19,G.18,Y.7,K.5,E.20,T.11,S.17
0,0.7638266068759342,0.6900847035376183,0.4857997010463378,0.47184853014449424,0.6721474838066765,0.4952665670154459,0.3024414549078226,0.4240159441953164,0.28799202790234174,0.3288490284005979,0.3059292476332835,0.3173891380169407,0.29147982062780264,0.14947683109118085,0.24215246636771298,0.20727453911310412,0.3054309915296462,0.16890881913303435,0.39262580966616845,0.2765321375186846,0.20876930742401592,0.30642750373692074,0.19880418535127053,0.25909317389138015,0.38565022421524664,0.3652217239661186,0.5789735924265071,0.24065769805680115,0.3358246138515197,0.5964125560538116,0.4663677130044843,0.44892874937717986,0.35575485799701045,0.33134030891878424,0.5555555555555555,0.5127055306427504,0.39113104135525656,0.2904833084205281,0.3936223218734429,0.49227703039362236,0.4424514200298954,0.27453911310413553,0.2964623816641754,0.29795714997508715,0.09367214748380666,0.43647234678624813,0.5480817140009965,0.4025909317389138,0.08619830592924761,0.2934728450423517,0.0996512207274539,0.2845042351768809,0.34977578475336324,0.2451420029895366,0.34429496761335326,0.5161933233682112,0.32336821126058796,0.31141006477329347,0.2566018933731938,0.048829098156452415,0.40607872446437465,0.0523168908819133,0.19332336821126056,0.5127055306427504,0.3991031390134529,0.024912805181863475,0.37867463876432483,0.03238664673642252,0.09765819631290482,0.3662182361733931,0.43398106626806177,0.017438963627304432,0.1629297458893871,0.024414549078226207,0.2351768809167912,0.09865470852017935,0.4275037369207773,0.017937219730941704,0.20827105132037865,0.017438963627304432,0.0523168908819133,0.24763328350772293,0.35724962630792223,0.02242152466367713,0.13303437967115095,0.007473841554559043,0.04484304932735426,0.10563029397110113,0.25411061285500747,0.008470353761833582,0.03587443946188341,0.003487792725460887,0.11160936721474836,0.03089187842551071,0.16890881913303435,0.4170403587443946,0.24314897857498752,0.3139013452914798,0.24464374688589935,0.01943198804185351,0.22770303936223216,0.00996512207274539,0.036372695565520675,0.24065769805680115,0.46337817638266066,0.015445939212755356,0.12356751370204283,0.004982561036372695,0.08868958644743397,0.24414549078226205,0.09715994020926756,0.016940707523667164,0.05181863477827603,0.003986048829098156,0.05381165919282511,0.029397110114598904,0.16691579471848528,0.3278525161933234,0.22122571001494765,0.2785251619332337,0.26756352765321373,0.7558545092177379,0.763328350772297,0.21375186846038863,0.48181365221723965,0.35575485799701045,0.16890881913303435,0.49576482311908315,0.40408570004982564,0.28849028400597904,0.1798704534130543,0.11160936721474836,0.41006477329347285,0.1554559043348281,0.5565520677628301,0.31589436970602885,0.5336322869955157,0.47832585949177875,0.15595416043846536,0.11958146487294469,0.024414549078226207,0.2202291978076731,0.012456402590931738,0.03986048829098156,0.29147982062780264,0.3228699551569507,0.01943198804185351,0.08071748878923765,0.008470353761833582,0.0637767812655705,0.2092675635276532,0.3413054309915296,0.016442451420029893,0.21923268560039857,0.016442451420029893,0.21674140508221224,0.06028898854010961,0.23318385650224213,0.017937219730941704,0.14000996512207273,0.011459890383657198,0.04434479322371699,0.27005480817140004,0.2874937717987045,0.016442451420029893,0.0652715495764823,0.006477329347284503,0.027404085700049822,0.20777279521674136,0.34977578475336324,0.016940707523667164,0.22720478325859492,0.00946686596910812,0.1913303437967115,0.4848031888390633,0.0229197807673144,0.36721474838066764,0.011958146487294468,0.05181863477827603,0.37917289486796213,0.3139013452914798,0.025909317389138015,0.10662680617837567,0.012456402590931738,0.17438963627304432,0.20478325859491778,0.46387643248629795,0.04484304932735426,0.11061285500747382,0.01993024414549078,0.3756851021425012,0.20478325859491778,0.04982561036372695,0.30642750373692074,0.024414549078226207,0.21175884404583956,0.489785749875436,0.20378674638764321,0.3228699551569507,0.38863976083707025,0.02092675635276532,0.17389138016940706,0.22670652715495762,0.15944195316392623,0.18983557548579968,0.1948181365221724,0.05530642750373691,0.31240657698056795,0.29496761335326355,0.4479322371699053,0.32934728450423517,0.3906327852516193,0.05829596412556054,0.45690084703537615,0.6003986048829097,0.10363726955655204,0.22820129546586942,0.6273044344793224,0.12605879422022917,0.34329845540607873,0.5391131041355256,0.5475834578973592,0.44892874937717986,0.14897857498754358,0.49128051818634777,0.26905829596412556,0.408570004982561,0.17887394120577974,0.21823617339312404,0.513702042850025,0.15994020926756353,0.08271051320378672,0.1963129048330842,0.5635276532137519,0.11160936721474836,0.09516691579471846,0.34529147982062786,0.4424514200298954,0.05132037867463876,0.11061285500747382,0.5475834578973592,0.08868958644743397,0.1798704534130543,0.585949177877429,0.6905829596412555,0.356751370204285,0.4598903836571998
1,0.2361111111111111,0.2436111111111111,0.23444444444444446,0.26166666666666666,0.3194444444444444,0.31444444444444447,0.31472222222222224,0.3169444444444444,0.3138888888888889,0.31333333333333335,0.31277777777777777,0.3113888888888889,0.31027777777777776,0.31277777777777777,0.3161111111111111,0.3161111111111111,0.31416666666666665,0.3130555555555556,0.30972222222222223,0.30027777777777775,0.31666666666666665,0.2683333333333333,0.7408333333333333,0.2544444444444444,0.2566666666666667,0.25222222222222224,0.2594444444444445,0.7072222222222222,0.27444444444444444,0.26722222222222225,0.27694444444444444,0.29000000000000004,0.28861111111111115,0.28138888888888886,0.25305555555555553,0.2411111111111111,0.22666666666666666,0.21500000000000002,0.2802777777777778,0.28555555555555556,0.2619444444444444,0.23861111111111113,0.2697222222222222,0.245,0.23333333333333334,0.17611111111111113,0.31166666666666665,0.20444444444444443,0.2986111111111111,0.2911111111111111,0.19,0.29888888888888887,0.25472222222222224,0.20333333333333334,0.3011111111111111,0.2197222222222222,0.31722222222222224,0.24972222222222223,0.2211111111111111,0.2980555555555556,0.21222222222222223,0.2038888888888889,0.2708333333333333,0.32222222222222224,0.23722222222222225,0.2861111111111111,0.1638888888888889,0.19722222222222222,0.2913888888888889,0.31666666666666665,0.2361111111111111,0.2802777777777778,0.16277777777777777,0.19944444444444442,0.16416666666666666,0.7747222222222222,0.27249999999999996,0.1688888888888889,0.18861111111111112,0.18166666666666667,0.24416666666666667,0.3236111111111111,0.6997222222222222,0.23555555555555555,0.16194444444444445,0.17194444444444446,0.19444444444444445,0.31583333333333335,0.7066666666666667,0.24972222222222223,0.16972222222222222,0.1688888888888889,0.1575,0.19166666666666668,0.2275,0.30833333333333335,0.7336111111111112,0.21555555555555553,0.2972222222222222,0.16166666666666668,0.18861111111111112,0.1811111111111111,0.22416666666666668,0.3186111111111111,0.6916666666666667,0.23972222222222223,0.2038888888888889,0.1758333333333333,0.2383333333333333,0.3186111111111111,0.7266666666666667,0.24333333333333332,0.17972222222222223,0.18666666666666668,0.18888888888888888,0.21944444444444444,0.23277777777777778,0.23527777777777778,0.18888888888888888,0.20805555555555558,0.23944444444444446,0.3175,0.2627777777777778,0.7469444444444444,0.25472222222222224,0.3025,0.23861111111111113,0.23444444444444446,0.255,0.24527777777777776,0.2025,0.1852777777777778,0.21138888888888888,0.15194444444444447,0.6511111111111111,0.7247222222222222,0.19944444444444442,0.2713888888888889,0.15194444444444447,0.27055555555555555,0.1602777777777778,0.1897222222222222,0.1838888888888889,0.22722222222222221,0.31222222222222223,0.6855555555555556,0.2,0.16527777777777777,0.16749999999999998,0.21555555555555553,0.3186111111111111,0.6866666666666666,0.2572222222222222,0.18583333333333335,0.22472222222222224,0.18166666666666667,0.84,0.2891666666666666,0.14027777777777778,0.18472222222222223,0.1802777777777778,0.20333333333333334,0.3125,0.6930555555555555,0.22166666666666665,0.18861111111111112,0.18416666666666665,0.21333333333333332,0.30972222222222223,0.6961111111111111,0.24888888888888888,0.205,0.18444444444444447,0.17194444444444446,0.665,0.15999999999999998,0.2025,0.18361111111111109,0.2325,0.3202777777777778,0.7047222222222221,0.2505555555555556,0.20555555555555555,0.1927777777777778,0.21416666666666664,0.31777777777777777,0.6936111111111111,0.23472222222222222,0.19083333333333335,0.17777777777777778,0.29083333333333333,0.7330555555555555,0.22166666666666665,0.21833333333333332,0.19333333333333333,0.3044444444444444,0.3219444444444445,0.7416666666666667,0.26083333333333336,0.19416666666666668,0.185,0.29944444444444446,0.3227777777777778,0.7425,0.26944444444444443,0.21833333333333332,0.21555555555555553,0.2013888888888889,0.14555555555555558,0.3013888888888889,0.3113888888888889,0.30722222222222223,0.3197222222222222,0.3013888888888889,0.24583333333333332,0.26916666666666667,0.31055555555555553,0.3,0.2425,0.23638888888888887,0.32416666666666666,0.31027777777777776,0.3080555555555556,0.31583333333333335,0.31166666666666665,0.3119444444444444,0.30194444444444446,0.3138888888888889,0.3186111111111111,0.31805555555555554,0.31472222222222224,0.3163888888888889,0.3225,0.3175,0.31527777777777777,0.3183333333333333,0.32111111111111107,0.31472222222222224,0.3169444444444444,0.32305555555555554,0.3188888888888889,0.31555555555555553,0.3113888888888889,0.3125,0.2866666666666667,0.25416666666666665,0.2563888888888889
2,0.87,0.8666666666666667,0.8641666666666667,0.8827777777777778,0.4188888888888889,0.39638888888888885,0.3902777777777778,0.39111111111111113,0.39,0.39111111111111113,0.39194444444444443,0.3922222222222222,0.3927777777777778,0.3855555555555556,0.38833333333333336,0.3894444444444444,0.3908333333333333,0.3908333333333333,0.4008333333333334,0.41694444444444445,0.45805555555555555,0.5158333333333333,0.5669444444444445,0.8441666666666666,0.805,0.7772222222222223,0.6280555555555556,0.4736111111111111,0.5366666666666666,0.5652777777777778,0.5488888888888889,0.48083333333333333,0.4527777777777778,0.4755555555555555,0.5441666666666667,0.8666666666666667,0.8633333333333334,0.8852777777777777,0.46805555555555556,0.4608333333333334,0.4880555555555555,0.8102777777777778,0.49222222222222217,0.5358333333333334,0.8705555555555555,0.9286111111111112,0.4255555555555555,0.7147222222222223,0.9036111111111111,0.8780555555555556,0.8908333333333333,0.4408333333333333,0.4716666666666667,0.7838888888888889,0.44611111111111107,0.8294444444444445,0.8813888888888889,0.8130555555555555,0.856111111111111,0.9047222222222222,0.8513888888888889,0.8583333333333333,0.9447222222222222,0.43722222222222223,0.5063888888888889,0.8994444444444445,0.885,0.8541666666666666,0.9230555555555556,0.43777777777777777,0.5172222222222221,0.9,0.8777777777777778,0.8533333333333333,0.8600000000000001,0.0677777777777778,0.7502777777777778,0.8916666666666667,0.8513888888888889,0.8472222222222222,0.9661111111111111,0.8802777777777777,0.5719444444444445,0.895,0.8766666666666667,0.8544444444444446,0.9402777777777778,0.8830555555555555,0.5713888888888888,0.9022222222222223,0.8691666666666666,0.8597222222222223,0.8838888888888888,0.8963888888888889,0.8269444444444444,0.801111111111111,0.5016666666666667,0.8947222222222223,0.8891666666666668,0.8816666666666666,0.8566666666666666,0.8458333333333333,0.9711111111111111,0.8766666666666667,0.5861111111111111,0.9111111111111111,0.8519444444444444,0.8577777777777779,0.9322222222222223,0.8763888888888889,0.5352777777777777,0.8986111111111111,0.8577777777777779,0.8577777777777779,0.85,0.8572222222222223,0.8600000000000001,0.5925,0.8825,0.8755555555555555,0.976111111111111,0.43777777777777777,0.5022222222222222,0.5122222222222222,0.8880555555555555,0.8888888888888888,0.8344444444444444,0.8702777777777778,0.6713888888888888,0.6355555555555555,0.8727777777777778,0.8688888888888889,0.8619444444444445,0.8369444444444445,0.6108333333333333,0.5047222222222222,0.8936111111111111,0.87,0.905,0.8697222222222223,0.8819444444444444,0.8552777777777777,0.8441666666666666,0.9727777777777777,0.8755555555555555,0.5902777777777778,0.8980555555555556,0.8744444444444445,0.8580555555555555,0.9477777777777777,0.8791666666666667,0.5902777777777778,0.9025,0.8552777777777777,0.8533333333333333,0.8422222222222222,0.03277777777777781,0.88,0.9077777777777778,0.8622222222222221,0.85,0.9850000000000001,0.8722222222222222,0.5819444444444445,0.9069444444444444,0.8619444444444445,0.8455555555555555,0.9586111111111112,0.8752777777777778,0.5797222222222221,0.9069444444444444,0.8491666666666666,0.85,0.8775,0.6063888888888889,0.9197222222222223,0.8530555555555556,0.8458333333333333,0.9744444444444444,0.87,0.5688888888888889,0.9030555555555556,0.8452777777777778,0.8486111111111111,0.9341666666666667,0.8838888888888888,0.5736111111111111,0.9008333333333334,0.8672222222222222,0.8683333333333334,0.861388888888889,0.5047222222222222,0.8791666666666667,0.8375,0.8494444444444444,0.9244444444444445,0.8730555555555556,0.49027777777777776,0.8997222222222222,0.8647222222222223,0.8533333333333333,0.9191666666666666,0.8844444444444444,0.49,0.8933333333333334,0.8455555555555555,0.8441666666666666,0.6030555555555556,0.898888888888889,0.45055555555555554,0.4061111111111111,0.40444444444444444,0.3952777777777778,0.43833333333333335,0.5005555555555555,0.8783333333333333,0.9236111111111112,0.8783333333333333,0.8783333333333333,0.9433333333333334,0.4130555555555555,0.4116666666666666,0.4002777777777778,0.3908333333333333,0.3972222222222222,0.39555555555555555,0.39972222222222226,0.38916666666666666,0.38833333333333336,0.3908333333333333,0.3877777777777778,0.385,0.3863888888888889,0.3894444444444444,0.38388888888888884,0.3863888888888889,0.38833333333333336,0.39055555555555554,0.38055555555555554,0.3852777777777777,0.3902777777777778,0.3877777777777778,0.39305555555555555,0.4133333333333334,0.44499999999999995,0.5286111111111111,0.6505555555555556
3,0.4125766871165645,0.40490797546012275,0.4417177914110429,0.38957055214723935,0.1303680981595092,0.10582822085889579,0.10582822085889579,0.09969325153374232,0.11656441717791424,0.1303680981595092,0.12423312883435596,0.12423312883435596,0.1303680981595092,0.13650306748466265,0.11042944785276078,0.1012269938650308,0.10736196319018404,0.11196319018404903,0.11656441717791424,0.13650306748466265,0.2101226993865031,0.2607361963190184,0.3328220858895706,0.3650306748466257,0.3420245398773006,0.32975460122699385,0.28680981595092025,0.2760736196319018,0.26687116564417185,0.2699386503067486,0.24999999999999994,0.1886503067484662,0.17791411042944796,0.1978527607361964,0.24539877300613497,0.42638036809815943,0.4417177914110429,0.460122699386503,0.236196319018405,0.1855828220858897,0.21779141104294483,0.3788343558282209,0.2776073619631903,0.22699386503067479,0.49079754601226994,0.6242331288343559,0.16104294478527606,0.30521472392638044,0.460122699386503,0.37576687116564417,0.5582822085889572,0.15490797546012283,0.21932515337423308,0.3773006134969326,0.1395705521472394,0.42791411042944794,0.30828220858895716,0.35122699386503076,0.4616564417177915,0.45092024539877307,0.4493865030674846,0.5000000000000001,0.5276073619631902,0.059815950920245484,0.14877300613496935,0.5030674846625767,0.5920245398773007,0.4984662576687116,0.4662576687116565,0.09202453987730061,0.15644171779141108,0.5122699386503068,0.5812883435582823,0.4953987730061349,0.5383435582822087,0.6012269938650306,0.303680981595092,0.6319018404907976,0.48619631901840493,0.5092024539877301,0.6073619631901842,0.34815950920245403,0.09969325153374232,0.5352760736196319,0.588957055214724,0.5383435582822087,0.638036809815951,0.36349693251533743,0.12269938650306748,0.5352760736196319,0.5613496932515338,0.5552147239263804,0.5996932515337424,0.5628834355828221,0.39110429447852757,0.30061349693251543,0.1395705521472394,0.5567484662576686,0.40490797546012275,0.6119631901840491,0.5046012269938651,0.5061349693251533,0.6411042944785276,0.3588957055214725,0.08588957055214737,0.5460122699386504,0.47239263803680975,0.5414110429447853,0.5705521472392638,0.352760736196319,0.11963190184049075,0.5352760736196319,0.5230061349693252,0.5260736196319018,0.4953987730061349,0.46779141104294475,0.4003067484662578,0.3328220858895706,0.51840490797546,0.4953987730061349,0.584355828220859,0.09969325153374232,0.1134969325153375,0.16411042944785278,0.4831288343558282,0.38803680981595084,0.3819018404907976,0.401840490797546,0.30521472392638044,0.2760736196319018,0.5015337423312883,0.530674846625767,0.476993865030675,0.5138036809815951,0.11963190184049075,0.1134969325153375,0.588957055214724,0.41104294478527603,0.6411042944785276,0.4003067484662578,0.6134969325153374,0.5015337423312883,0.4984662576687116,0.6365030674846628,0.3604294478527607,0.10429447852760731,0.598159509202454,0.5812883435582823,0.5536809815950922,0.6242331288343559,0.3619631901840492,0.08742331288343562,0.48159509202453993,0.5061349693251533,0.4585889570552148,0.4800613496932515,0.6855828220858896,0.40644171779141103,0.6886503067484661,0.51840490797546,0.5168711656441718,0.6717791411042944,0.35582822085889576,0.09509202453987733,0.5782208588957055,0.5168711656441718,0.5000000000000001,0.6457055214723928,0.357361963190184,0.11042944785276078,0.5368098159509203,0.4631901840490798,0.5092024539877301,0.5644171779141104,0.1426380368098159,0.7009202453987731,0.46932515337423325,0.5015337423312883,0.6441717791411045,0.343558282208589,0.10889570552147251,0.530674846625767,0.4570552147239263,0.4969325153374234,0.6012269938650306,0.35122699386503076,0.14877300613496935,0.530674846625767,0.5214723926380368,0.5582822085889572,0.37116564417177916,0.1426380368098159,0.5291411042944785,0.41104294478527603,0.4969325153374234,0.45092024539877307,0.33128834355828235,0.09969325153374232,0.5000000000000001,0.5122699386503068,0.5153374233128836,0.4631901840490798,0.34815950920245403,0.13190184049079767,0.47239263803680975,0.4386503067484664,0.4493865030674846,0.3865030674846626,0.5092024539877301,0.1763803680981595,0.13650306748466265,0.12116564417177922,0.09049079754601236,0.09049079754601236,0.17484662576687124,0.45552147239263807,0.4386503067484664,0.3865030674846626,0.4739263803680982,0.5414110429447853,0.11042944785276078,0.10276073619631906,0.1134969325153375,0.11042944785276078,0.1134969325153375,0.11656441717791424,0.1472392638036811,0.11503067484662576,0.10736196319018404,0.08895705521472388,0.0966257668711656,0.10582822085889579,0.09202453987730061,0.08128834355828216,0.09969325153374232,0.10429447852760731,0.08282208588957063,0.08282208588957063,0.10429447852760731,0.09355828220858908,0.07668711656441718,0.09509202453987733,0.10889570552147251,0.09049079754601236,0.1180981595092025,0.25306748466257667,0.289877300613497
4,0.9294444444444445,0.06388888888888888,0.09611111111111109,0.1441666666666667,0.16472222222222221,0.65,0.645,0.643888888888889,0.643888888888889,0.6408333333333333,0.6419444444444444,0.6430555555555556,0.6425000000000001,0.6436111111111111,0.6430555555555556,0.6413888888888889,0.6405555555555555,0.6419444444444444,0.6413888888888889,0.6427777777777778,0.5988888888888889,0.6852777777777778,0.21305555555555555,0.09361111111111108,0.04333333333333332,0.09638888888888886,0.06388888888888888,0.35194444444444445,0.8458333333333333,0.8105555555555556,0.6713888888888888,0.8672222222222222,0.7216666666666667,0.6919444444444445,0.6719444444444445,0.8088888888888889,0.07611111111111113,0.06444444444444442,0.09833333333333336,0.6772222222222223,0.6813888888888889,0.7761111111111111,0.001111111111111127,0.6236111111111111,0.8447222222222223,0.027222222222222255,0.22361111111111112,0.615,0.09027777777777778,0.17611111111111113,0.06694444444444443,0.12388888888888887,0.64,0.6716666666666667,0.03888888888888889,0.7219444444444444,0.14972222222222223,0.09305555555555556,0.15361111111111111,0.17444444444444443,0.1125,0.061666666666666634,0.16972222222222222,0.21611111111111111,0.6405555555555555,0.8125,0.055277777777777794,0.07722222222222225,0.18138888888888888,0.19888888888888887,0.6330555555555556,0.8338888888888889,0.05250000000000002,0.07555555555555553,0.02472222222222224,0.5180555555555556,0.44027777777777777,0.9658333333333333,0.06861111111111108,0.040833333333333305,0.10833333333333334,0.3138888888888889,0.543611111111111,0.8891666666666668,0.043055555555555555,0.046111111111111096,0.06083333333333335,0.2936111111111111,0.5447222222222222,0.9080555555555555,0.06444444444444442,0.0466666666666667,0.023888888888888873,0.05777777777777781,0.09638888888888886,0.2711111111111111,0.4955555555555556,0.8130555555555555,0.19694444444444445,0.05111111111111113,0.06277777777777777,0.041666666666666664,0.09888888888888887,0.3308333333333333,0.543611111111111,0.8919444444444445,0.10222222222222226,0.044444444444444446,0.11277777777777777,0.28138888888888886,0.5544444444444444,0.8727777777777778,0.06944444444444445,0.05166666666666665,0.04499999999999997,0.06805555555555555,0.07277777777777775,0.12055555555555557,0.7858333333333333,0.08166666666666668,0.1111111111111111,0.23944444444444446,0.6263888888888889,0.22416666666666668,0.8802777777777777,0.20027777777777775,0.09194444444444443,0.09861111111111111,0.18138888888888888,0.7066666666666667,0.9255555555555556,0.056666666666666685,0.09527777777777781,0.015000000000000015,0.46611111111111114,0.3447222222222222,0.801111111111111,0.16277777777777777,0.01722222222222219,0.16277777777777777,0.04027777777777778,0.06527777777777778,0.04194444444444443,0.09555555555555557,0.3286111111111111,0.5336111111111111,0.9066666666666666,0.05111111111111113,0.04222222222222219,0.06972222222222221,0.2977777777777778,0.5347222222222222,0.9061111111111111,0.06805555555555555,0.08388888888888886,0.02638888888888889,0.47305555555555556,0.4188888888888889,0.006111111111111079,0.07361111111111111,0.049166666666666636,0.08222222222222221,0.3463888888888889,0.5383333333333333,0.8838888888888888,0.08000000000000003,0.04694444444444446,0.0711111111111111,0.29666666666666663,0.5386111111111112,0.8969444444444444,0.09444444444444444,0.049166666666666636,0.033055555555555574,0.4933333333333333,0.9169444444444446,0.10416666666666667,0.04527777777777781,0.08166666666666668,0.33194444444444443,0.5408333333333333,0.8855555555555555,0.09166666666666666,0.046111111111111096,0.06611111111111115,0.2788888888888889,0.5333333333333333,0.9077777777777778,0.08333333333333333,0.04333333333333332,0.15361111111111111,0.5547222222222222,0.8880555555555555,0.10138888888888889,0.04361111111111108,0.17722222222222223,0.26361111111111113,0.5661111111111111,0.8705555555555555,0.09388888888888892,0.05416666666666667,0.1725,0.25277777777777777,0.5636111111111112,0.8572222222222223,0.11083333333333335,0.06611111111111115,0.001111111111111127,0.5255555555555556,0.1441666666666667,0.6900000000000001,0.6441666666666667,0.6541666666666667,0.6647222222222222,0.6477777777777778,0.7966666666666667,0.20444444444444443,0.21555555555555553,0.10972222222222222,0.10222222222222226,0.21361111111111114,0.6544444444444444,0.6444444444444445,0.6502777777777777,0.645,0.6463888888888889,0.6441666666666667,0.6441666666666667,0.6452777777777778,0.6405555555555555,0.6397222222222223,0.6391666666666667,0.6444444444444445,0.6388888888888888,0.6375,0.6413888888888889,0.6422222222222221,0.6372222222222222,0.6388888888888888,0.6441666666666667,0.6408333333333333,0.6402777777777777,0.6413888888888889,0.6491666666666667,0.6452777777777778,0.6677777777777778,0.72
5,0.11326860841423947,0.13915857605177992,0.3462783171521035,0.15857605177993525,0.14563106796116504,0.12944983818770225,0.3171521035598705,0.23300970873786403,0.22977346278317148,0.29773462783171517,0.32362459546925565,0.32686084142394817,0.32362459546925565,0.35922330097087374,0.36893203883495146,0.27184466019417475,0.2912621359223301,0.33009708737864074,0.2588996763754045,0.24595469255663427,0.22006472491909382,0.23948220064724915,0.24271844660194172,0.3883495145631068,0.38187702265372164,0.18122977346278316,0.22653721682847894,0.15210355987055013,0.21682847896440124,0.1779935275080906,0.16504854368932037,0.24595469255663427,0.343042071197411,0.21682847896440124,0.17475728155339804,0.22006472491909382,0.3398058252427184,0.31391585760517793,0.3106796116504854,0.1262135922330097,0.3106796116504854,0.540453074433657,0.23948220064724915,0.35922330097087374,0.7411003236245954,0.2912621359223301,0.2621359223300971,0.21035598705501618,0.7184466019417476,0.3624595469255663,0.656957928802589,0.37540453074433655,0.45631067961165045,0.42071197411003236,0.3171521035598705,0.18770226537216828,0.42071197411003236,0.2621359223300971,0.3495145631067961,0.7508090614886732,0.1844660194174757,0.7896440129449839,0.33009708737864074,0.14239482200647247,0.16504854368932037,0.7864077669902912,0.3171521035598705,0.8090614886731391,0.5663430420711973,0.32686084142394817,0.2621359223300971,0.8090614886731391,0.33009708737864074,0.8220064724919094,0.35922330097087374,0.32686084142394817,0.3398058252427184,0.8349514563106796,0.3042071197411003,0.8414239482200647,0.4660194174757281,0.3624595469255663,0.2944983818770226,0.8090614886731391,0.5339805825242718,0.8770226537216829,0.6375404530744337,0.5857605177993528,0.4142394822006472,0.8349514563106796,0.656957928802589,0.919093851132686,0.6343042071197411,0.7766990291262136,0.5210355987055016,0.43365695792880254,0.12944983818770225,0.42071197411003236,0.40129449838187703,0.8349514563106796,0.43365695792880254,0.8640776699029127,0.5857605177993528,0.44012944983818764,0.3106796116504854,0.7961165048543689,0.540453074433657,0.9029126213592233,0.6116504854368933,0.4692556634304207,0.4142394822006472,0.8220064724919094,0.6472491909385113,0.9029126213592233,0.7055016181229773,0.7734627831715211,0.5598705501618123,0.4368932038834951,0.37864077669902907,0.4368932038834951,0.27831715210355984,0.0744336569579288,0.019417475728155338,0.20388349514563106,0.16181229773462782,0.3042071197411003,0.6375404530744337,0.2621359223300971,0.29773462783171517,0.3980582524271844,0.5113268608414239,0.6213592233009709,0.2912621359223301,0.540453074433657,0.08737864077669903,0.03559870550161812,0.15210355987055013,0.30744336569579284,0.6213592233009709,0.5242718446601943,0.8090614886731391,0.46278317152103554,0.8576051779935274,0.5631067961165049,0.4077669902912621,0.31391585760517793,0.8187702265372168,0.5080906148867314,0.8770226537216829,0.5469255663430421,0.5307443365695793,0.33333333333333326,0.8058252427184466,0.45954692556634297,0.8381877022653722,0.5113268608414239,0.45631067961165045,0.4368932038834951,0.8058252427184466,0.38187702265372164,0.86084142394822,0.5372168284789645,0.4142394822006472,0.33009708737864074,0.8122977346278317,0.6893203883495146,0.8834951456310679,0.627831715210356,0.5307443365695793,0.3462783171521035,0.8025889967637541,0.4368932038834951,0.8673139158576051,0.49190938511326854,0.2588996763754045,0.7799352750809061,0.3042071197411003,0.86084142394822,0.44660194174757273,0.29773462783171517,0.343042071197411,0.7766990291262136,0.5275080906148867,0.8576051779935274,0.4789644012944983,0.4951456310679611,0.3915857605177993,0.7249190938511327,0.46278317152103554,0.8058252427184466,0.3171521035598705,0.15857605177993525,0.7669902912621359,0.22006472491909382,0.8317152103559871,0.3009708737864077,0.16828478964401292,0.15857605177993525,0.44012944983818764,0.3851132686084142,0.8317152103559871,0.343042071197411,0.4757281553398058,0.2912621359223301,0.4983818770226537,0.4368932038834951,0.7669902912621359,0.27184466019417475,0.2071197411003236,0.4077669902912621,0.14239482200647247,0.2750809061488673,0.6990291262135923,0.18122977346278316,0.13592233009708735,0.7475728155339806,0.29773462783171517,0.1326860841423948,0.7087378640776699,0.13592233009708735,0.13915857605177992,0.03559870550161812,0.24595469255663427,0.3915857605177993,0.27184466019417475,0.2135922330097087,0.255663430420712,0.41100323624595464,0.45954692556634297,0.13592233009708735,0.29773462783171517,0.6440129449838188,0.4692556634304207,0.13915857605177992,0.49190938511326854,0.6601941747572816,0.22330097087378636,0.17475728155339804,0.6666666666666666,0.517799352750809,0.08414239482200647,0.31391585760517793,0.56957928802589,0.1779935275080906,0.04854368932038835,0.25242718446601936,0.09385113268608414
6,0.10971786833855798,0.2100313479623825,0.19122257053291536,0.329153605015674,0.322884012539185,0.4357366771159875,0.4106583072100314,0.45454545454545464,0.4827586206896552,0.5172413793103449,0.5141065830721003,0.5266457680250783,0.5329153605015674,0.5517241379310345,0.554858934169279,0.5642633228840126,0.5297805642633229,0.5078369905956113,0.4984326018808778,0.4702194357366772,0.46394984326018807,0.4294670846394985,0.46708463949843265,0.3824451410658308,0.33855799373040757,0.3824451410658308,0.3730407523510972,0.38557993730407525,0.3260188087774295,0.30721003134796243,0.35109717868338564,0.3761755485893417,0.322884012539185,0.3793103448275862,0.3793103448275862,0.36363636363636365,0.3730407523510972,0.4231974921630095,0.3761755485893417,0.40752351097178685,0.4137931034482759,0.322884012539185,0.5203761755485893,0.4984326018808778,0.33855799373040757,0.5924764890282131,0.5047021943573667,0.5579937304075234,0.38557993730407525,0.6426332288401254,0.4420062695924765,0.5423197492163009,0.4764890282131662,0.4137931034482759,0.4294670846394985,0.47962382445141066,0.322884012539185,0.46708463949843265,0.5423197492163009,0.4043887147335424,0.7492163009404389,0.34796238244514105,0.54858934169279,0.5047021943573667,0.5768025078369906,0.3448275862068966,0.8056426332288401,0.5297805642633229,0.5987460815047021,0.6144200626959248,0.6175548589341693,0.3887147335423198,0.8181818181818181,0.5329153605015674,0.7178683385579937,0.7115987460815048,0.6959247648902821,0.41692789968652044,0.8338557993730408,0.5235109717868338,0.7335423197492162,0.6959247648902821,0.6739811912225706,0.5329153605015674,0.8307210031347962,0.670846394984326,0.7836990595611285,0.7774294670846394,0.7398119122257053,0.6050156739811912,0.8495297805642633,0.7492163009404389,0.8338557993730408,0.6300940438871473,0.683385579937304,0.573667711598746,0.5579937304075234,0.47962382445141066,0.7272727272727273,0.5203761755485893,0.8244514106583072,0.6018808777429467,0.7586206896551724,0.7460815047021943,0.7115987460815048,0.5893416927899686,0.8307210031347962,0.6489028213166145,0.7774294670846394,0.7398119122257053,0.6896551724137931,0.5893416927899686,0.8432601880877743,0.7617554858934169,0.8275862068965517,0.6959247648902821,0.6739811912225706,0.6050156739811912,0.561128526645768,0.4420062695924765,0.40752351097178685,0.33542319749216304,0.3103448275862069,0.3166144200626959,0.44514106583072105,0.4921630094043888,0.3166144200626959,0.5078369905956113,0.47962382445141066,0.5015673981191223,0.5705329153605015,0.5141065830721003,0.554858934169279,0.31347962382445144,0.4106583072100314,0.35109717868338564,0.3322884012539185,0.4764890282131662,0.45454545454545464,0.7241379310344828,0.6018808777429467,0.8244514106583072,0.6018808777429467,0.7460815047021943,0.7398119122257053,0.7210031347962382,0.5297805642633229,0.8338557993730408,0.658307210031348,0.786833855799373,0.7523510971786834,0.7241379310344828,0.5360501567398118,0.8244514106583072,0.6018808777429467,0.7366771159874609,0.7398119122257053,0.7492163009404389,0.5109717868338557,0.8369905956112853,0.573667711598746,0.7554858934169278,0.7366771159874609,0.7115987460815048,0.6018808777429467,0.8307210031347962,0.7304075235109717,0.780564263322884,0.7554858934169278,0.7272727272727273,0.5078369905956113,0.8275862068965517,0.6050156739811912,0.7711598746081504,0.7210031347962382,0.46081504702194365,0.8150470219435737,0.5172413793103449,0.7460815047021943,0.7021943573667712,0.683385579937304,0.5705329153605015,0.8213166144200628,0.6363636363636364,0.7711598746081504,0.6990595611285266,0.670846394984326,0.5642633228840126,0.793103448275862,0.4827586206896552,0.6896551724137931,0.6269592476489029,0.33855799373040757,0.7899686520376176,0.3730407523510972,0.6269592476489029,0.5642633228840126,0.573667711598746,0.5172413793103449,0.7492163009404389,0.45454545454545464,0.7335423197492162,0.6144200626959248,0.5956112852664577,0.5768025078369906,0.7398119122257053,0.4357366771159875,0.6206896551724137,0.5391849529780565,0.39184952978056425,0.4827586206896552,0.4858934169278998,0.33542319749216304,0.5141065830721003,0.5297805642633229,0.22884012539184956,0.47962382445141066,0.6018808777429467,0.219435736677116,0.5579937304075234,0.3542319749216301,0.41692789968652044,0.4043887147335424,0.4106583072100314,0.46708463949843265,0.5109717868338557,0.5078369905956113,0.5047021943573667,0.5109717868338557,0.6457680250783698,0.5705329153605015,0.47962382445141066,0.5830721003134796,0.6739811912225706,0.5423197492163009,0.4984326018808778,0.6394984326018809,0.6426332288401254,0.4890282131661442,0.5109717868338557,0.6426332288401254,0.4764890282131662,0.33542319749216304,0.3981191222570533,0.38557993730407525,0.19435736677115992,0.18495297805642635
7,0.9890000000000001,0.978,0.948,0.9690000000000001,0.179,0.12300000000000001,0.051,0.026000000000000002,0.018000000000000002,0.004,0.002,0.002,0.003,0.005,0.003,0.002,0.004,0.013999999999999999,0.049,0.156,0.34600000000000003,0.408,0.446,0.46299999999999997,0.488,0.645,0.765,0.871,0.778,0.7559999999999999,0.701,0.63,0.5489999999999999,0.625,0.728,0.772,0.6940000000000001,0.66,0.56,0.542,0.528,0.64,0.7020000000000001,0.741,0.7040000000000001,0.8029999999999999,0.943,0.977,0.9670000000000001,0.907,0.919,0.927,0.8909999999999999,0.9420000000000001,0.971,0.97,0.977,0.9690000000000001,0.9620000000000001,0.966,0.099,0.11,0.965,0.998,0.991,0.895,0.059000000000000004,0.066,0.9470000000000001,0.996,0.9940000000000001,0.929,0.049,0.013000000000000001,0.07400000000000001,0.813,0.8640000000000001,0.065,0.006,0.026000000000000002,0.91,0.975,0.971,0.852,0.07200000000000001,0.09699999999999999,0.88,0.98,0.9640000000000001,0.68,0.021,0.011000000000000001,0.057999999999999996,0.499,0.8170000000000001,0.941,0.98,0.925,0.8009999999999999,0.17300000000000001,0.013000000000000001,0.045,0.8440000000000001,0.963,0.965,0.7909999999999999,0.068,0.095,0.838,0.924,0.9109999999999999,0.601,0.035,0.027000000000000003,0.105,0.418,0.631,0.6409999999999999,0.6,0.532,0.687,0.794,0.9009999999999999,0.983,0.878,0.345,0.47200000000000003,0.569,0.524,0.516,0.322,0.237,0.198,0.248,0.9690000000000001,0.988,0.264,0.33899999999999997,0.498,0.547,0.098,0.012,0.033,0.6970000000000001,0.9329999999999999,0.9570000000000001,0.716,0.067,0.069,0.779,0.9490000000000001,0.9620000000000001,0.772,0.023,0.028999999999999998,0.358,0.882,0.9490000000000001,0.073,0.005,0.024,0.843,0.95,0.963,0.7929999999999999,0.04,0.046,0.7170000000000001,0.965,0.9670000000000001,0.821,0.027000000000000003,0.017,0.223,0.769,0.503,0.016,0.027999999999999997,0.852,0.965,0.972,0.794,0.055999999999999994,0.102,0.835,0.919,0.888,0.6859999999999999,0.08199999999999999,0.16699999999999998,0.78,0.963,0.8959999999999999,0.086,0.534,0.982,0.995,0.986,0.9229999999999999,0.084,0.282,0.9520000000000001,0.988,0.97,0.774,0.077,0.139,0.672,0.857,0.805,0.606,0.475,0.39299999999999996,0.444,0.527,0.9640000000000001,0.972,0.907,0.968,0.985,0.268,0.259,0.179,0.17300000000000001,0.19899999999999998,0.262,0.345,0.218,0.085,0.033,0.022000000000000002,0.015,0.009000000000000001,0.012,0.006,0.003,0.003,0.004,0.003,0.003,0.008,0.039,0.094,0.228,0.38799999999999996,0.6609999999999999,0.992
8,0.01,0.019,0.043,0.03,0.821,0.875,0.9470000000000001,0.973,0.982,0.996,0.998,0.998,0.997,0.995,0.997,0.998,0.996,0.986,0.951,0.843,0.6509999999999999,0.58,0.516,0.455,0.38299999999999995,0.273,0.18899999999999997,0.10800000000000001,0.188,0.22,0.28600000000000003,0.35700000000000004,0.426,0.358,0.25,0.161,0.157,0.19899999999999998,0.369,0.369,0.32799999999999996,0.247,0.20199999999999999,0.14400000000000002,0.027999999999999997,0.013999999999999999,0.006999999999999999,0.001,0.002,0.003,0.009000000000000001,0.048,0.068,0.009000000000000001,0.009000000000000001,0.002,0.013999999999999999,0.01,0.001,0.001,0.0,0.0,0.0,0.0,0.001,0.001,0.0,0.0,0.0,0.002,0.002,0.001,0.0,0.0,0.0,0.003,0.003,0.0,0.0,0.0,0.002,0.006,0.009000000000000001,0.001,0.0,0.0,0.002,0.006999999999999999,0.012,0.002,0.0,0.0,0.0,0.011000000000000001,0.015,0.015,0.008,0.001,0.004,0.0,0.0,0.0,0.003,0.004,0.008,0.004,0.001,0.001,0.011000000000000001,0.027000000000000003,0.044000000000000004,0.012,0.002,0.002,0.012,0.08199999999999999,0.179,0.21600000000000003,0.215,0.184,0.126,0.153,0.08,0.009000000000000001,0.004,0.006999999999999999,0.113,0.207,0.247,0.21,0.055,0.026000000000000002,0.013999999999999999,0.017,0.015,0.009000000000000001,0.006999999999999999,0.01,0.011000000000000001,0.006999999999999999,0.0,0.0,0.0,0.006,0.008,0.011000000000000001,0.003,0.001,0.0,0.01,0.019,0.019,0.001,0.0,0.0,0.001,0.001,0.002,0.0,0.0,0.0,0.003,0.004,0.01,0.002,0.0,0.0,0.005,0.008,0.017,0.001,0.0,0.0,0.001,0.006,0.002,0.0,0.0,0.003,0.006,0.011000000000000001,0.003,0.0,0.001,0.006999999999999999,0.059000000000000004,0.078,0.019,0.001,0.001,0.004,0.001,0.0,0.0,0.0,0.0,0.001,0.006999999999999999,0.001,0.0,0.0,0.0,0.003,0.01,0.004,0.0,0.001,0.019,0.055999999999999994,0.155,0.344,0.473,0.598,0.5379999999999999,0.445,0.003,0.006999999999999999,0.009000000000000001,0.001,0.008,0.731,0.741,0.82,0.826,0.799,0.737,0.653,0.78,0.915,0.9670000000000001,0.978,0.985,0.991,0.988,0.9940000000000001,0.997,0.997,0.996,0.997,0.997,0.992,0.961,0.9059999999999999,0.772,0.611,0.33799999999999997,0.006999999999999999
9,0.001,0.003,0.009000000000000001,0.0,0.0,0.002,0.002,0.001,0.0,0.0,0.0,0.0,0.0,0.0,0.0,0.0,0.0,0.0,0.0,0.001,0.003,0.011000000000000001,0.038,0.08199999999999999,0.129,0.08199999999999999,0.046,0.021,0.034,0.024,0.013000000000000001,0.013000000000000001,0.025,0.017,0.023,0.066,0.149,0.141,0.071,0.08900000000000001,0.145,0.11199999999999999,0.095,0.115,0.268,0.183,0.05,0.022000000000000002,0.031,0.09,0.07200000000000001,0.025,0.040999999999999995,0.049,0.02,0.027999999999999997,0.008,0.021,0.037000000000000005,0.033,0.9009999999999999,0.889,0.035,0.002,0.009000000000000001,0.10400000000000001,0.941,0.934,0.053,0.002,0.005,0.07,0.951,0.987,0.9259999999999999,0.184,0.133,0.935,0.9940000000000001,0.9740000000000001,0.08800000000000001,0.019,0.021,0.147,0.9279999999999999,0.902,0.11800000000000001,0.013999999999999999,0.024,0.318,0.9790000000000001,0.9890000000000001,0.9420000000000001,0.49,0.168,0.044000000000000004,0.012,0.07400000000000001,0.196,0.8270000000000001,0.987,0.955,0.154,0.033,0.027000000000000003,0.205,0.9309999999999999,0.904,0.151,0.05,0.045,0.387,0.963,0.971,0.883,0.5,0.19,0.14300000000000002,0.185,0.284,0.187,0.053,0.019,0.008,0.11800000000000001,0.648,0.415,0.22399999999999998,0.22899999999999998,0.27399999999999997,0.623,0.737,0.7879999999999999,0.735,0.016,0.003,0.7290000000000001,0.652,0.491,0.447,0.902,0.988,0.9670000000000001,0.297,0.06,0.033,0.281,0.9329999999999999,0.9309999999999999,0.212,0.033,0.019,0.226,0.977,0.971,0.64,0.11699999999999999,0.05,0.927,0.995,0.976,0.153,0.046,0.026000000000000002,0.205,0.96,0.9540000000000001,0.27699999999999997,0.027000000000000003,0.016,0.177,0.972,0.982,0.775,0.225,0.495,0.9840000000000001,0.972,0.145,0.028999999999999998,0.016,0.20199999999999999,0.9440000000000001,0.897,0.158,0.022000000000000002,0.034,0.295,0.917,0.833,0.215,0.036000000000000004,0.10400000000000001,0.914,0.466,0.018000000000000002,0.003,0.006999999999999999,0.077,0.9159999999999999,0.718,0.047,0.01,0.02,0.222,0.922,0.86,0.309,0.087,0.04,0.05,0.052000000000000005,0.01,0.018000000000000002,0.027999999999999997,0.033,0.021,0.083,0.03,0.006,0.0,0.0,0.001,0.001,0.001,0.001,0.002,0.002,0.0,0.0,0.0,0.0,0.0,0.0,0.0,0.0,0.0,0.0,0.0,0.0,0.0,0.0,0.0,0.0,0.001,0.001,0.001
