,M,V,K,Q,I,E,S,K.1,T,A,F,Q.1,E.1,A.1,L,D,A.2,A.3,G,D.1,K.2,L.1,V.1,V.2,V.3,D.2,F.1,S.1,A.4,T.1,W,C,G.1,P,C.1,K.3,M.1,I.1,K.4,P.1,F.2,F.3,H,S.2,L.2,S.3,E.2,K.5,Y,S.4,N,V.4,I.2,F.4,L.3,E.3,V.5,D.3,V.6,D.4,D.5,C.2,Q.2,D.6,V.7,A.5,S.5,E.4,C.3,E.5,V.8,K.6,C.4,M.2,P.2,T.2,F.5,Q.3,F.6,F.7,K.7,K.8,G.2,Q.4,K.9,V.9,G.3,E.6,F.8,S.6,G.4,A.6,N.1,K.10,E.7,K.11,L.4,E.8,A.7,T.3,I.3,N.2,E.9,L.5,V.10
0,0.5994020926756353,0.26208271051320375,0.48679621325361233,0.44992526158445445,0.10164424514200297,0.5969108121574489,0.21026407573492772,0.47832585949177875,0.4768310911808669,0.1614349775784753,0.03736920777279521,0.4135525660189337,0.5515695067264573,0.06178375685102142,0.06676631788739412,0.5092177379172894,0.34329845540607873,0.08868958644743397,0.1679123069257598,0.5186846038863976,0.3398106626806178,0.05181863477827603,0.020428500249128054,0.00896860986547085,0.007473841554559043,0.038365719980069754,0.027902341803687097,0.08221225710014947,0.070254110612855,0.38565022421524664,0.6910812157448929,0.12456402590931738,0.210762331838565,0.2301943198804185,0.054808171400099644,0.5406078724464374,0.46686596910812156,0.040358744394618826,0.2640757349277528,0.4025909317389138,0.2635774788241156,0.02192326856003986,0.38863976083707025,0.28550074738415543,0.06278026905829595,0.06826108619830593,0.6865969108121575,0.6307922272047832,0.14798206278026904,0.4235176880916791,0.4185351270553064,0.023418036870951668,0.1484803188839063,0.04982561036372695,0.05530642750373691,0.2964623816641754,0.021425012456402593,0.25062282012954656,0.05032386646736422,0.46387643248629795,0.5042351768809168,0.13004484304932734,0.49725959142999504,0.46387643248629795,0.07473841554559042,0.0637767812655705,0.3726955655206777,0.5475834578973592,0.09367214748380666,0.7149975087194818,0.059790732436472344,0.6068759342301944,0.16392625809666167,0.10214250124564025,0.0652715495764823,0.06278026905829595,0.04285002491280518,0.12456402590931738,0.0637767812655705,0.1798704534130543,0.2351768809167912,0.7902341803687094,0.26856003986048826,0.5440956651718983,0.513702042850025,0.20229197807673144,0.08271051320378672,0.4309915296462381,0.1728948679621325,0.2222222222222222,0.09566517189835574,0.13851519681116092,0.3243647234678625,0.40757349277528654,0.7159940209267563,0.47234678624813153,0.028898854010961636,0.4115595416043847,0.32336821126058796,0.12805181863477827,0.06925759840558046,0.47184853014449424,0.6327852516193323,0.25361235675137017,0.3931240657698057
1,0.21583333333333335,0.22444444444444445,0.17777777777777778,0.2413888888888889,0.22194444444444447,0.2388888888888889,0.07694444444444441,0.33055555555555555,0.32333333333333336,0.3163888888888889,0.32416666666666666,0.3258333333333333,0.3188888888888889,0.3175,0.3197222222222222,0.3138888888888889,0.2972222222222222,0.25972222222222224,0.7274999999999999,0.25861111111111107,0.1947222222222222,0.26944444444444443,0.17166666666666666,0.19333333333333333,0.19138888888888891,0.21722222222222223,0.1375,0.12861111111111115,0.1586111111111111,0.2733333333333334,0.23277777777777778,0.22833333333333333,0.32333333333333336,0.3113888888888889,0.31722222222222224,0.32166666666666666,0.31,0.2677777777777778,0.3347222222222222,0.3194444444444444,0.3111111111111111,0.3213888888888889,0.3258333333333333,0.31805555555555554,0.315,0.3205555555555556,0.3111111111111111,0.27,0.14388888888888893,0.2980555555555556,0.23416666666666666,0.225,0.2013888888888889,0.1811111111111111,0.16805555555555557,0.2325,0.14972222222222223,0.25527777777777777,0.2897222222222222,0.30083333333333334,0.24861111111111112,0.1852777777777778,0.3183333333333333,0.31444444444444447,0.315,0.32333333333333336,0.31777777777777777,0.3055555555555556,0.22333333333333336,0.6641666666666667,0.24722222222222223,0.23666666666666666,0.08666666666666664,0.1625,0.3047222222222222,0.15944444444444447,0.15027777777777776,0.18888888888888888,0.16861111111111113,0.16472222222222221,0.13694444444444448,0.6522222222222223,0.7274999999999999,0.19777777777777777,0.28944444444444445,0.22138888888888889,0.9616666666666667,0.15583333333333332,0.13333333333333333,0.1538888888888889,0.8102777777777778,0.2822222222222222,0.21916666666666668,0.3258333333333333,0.3244444444444444,0.31,0.32166666666666666,0.3258333333333333,0.3191666666666667,0.31416666666666665,0.3175,0.3130555555555556,0.2961111111111111,0.2447222222222222,0.24722222222222223
2,0.8844444444444444,0.8663888888888889,0.8802777777777777,0.8513888888888889,0.8452777777777778,0.42194444444444446,0.948888888888889,0.3991666666666666,0.3927777777777778,0.38861111111111113,0.3822222222222222,0.3869444444444445,0.38972222222222225,0.3819444444444444,0.3869444444444445,0.4038888888888889,0.4225,0.4736111111111111,0.0711111111111111,0.5313888888888889,0.9005555555555556,0.8702777777777778,0.8669444444444445,0.8430555555555556,0.8386111111111111,0.8291666666666667,0.9052777777777777,0.9133333333333333,0.8788888888888888,0.45694444444444443,0.5108333333333334,0.8291666666666667,0.4025,0.4033333333333333,0.3894444444444444,0.3933333333333333,0.3983333333333334,0.44027777777777777,0.3816666666666667,0.39499999999999996,0.3902777777777778,0.38055555555555554,0.3863888888888889,0.38861111111111113,0.38333333333333336,0.3908333333333333,0.40888888888888886,0.425,0.7641666666666668,0.4325,0.5219444444444444,0.8830555555555555,0.8530555555555556,0.8677777777777778,0.8722222222222222,0.8438888888888889,0.8888888888888888,0.8027777777777778,0.44527777777777783,0.43805555555555553,0.4725,0.6755555555555556,0.40361111111111114,0.39777777777777773,0.38472222222222224,0.3875,0.39638888888888885,0.4052777777777778,0.5,0.6102777777777777,0.8466666666666667,0.44361111111111107,0.9319444444444445,0.8899999999999999,0.9141666666666667,0.8936111111111111,0.8927777777777777,0.8633333333333334,0.8752777777777778,0.88,0.8524999999999999,0.6169444444444444,0.5019444444444444,0.8847222222222222,0.8513888888888889,0.4255555555555555,0.9708333333333333,0.8919444444444445,0.9041666666666667,0.8888888888888888,0.046388888888888855,0.5102777777777777,0.7488888888888889,0.4041666666666667,0.3958333333333333,0.3972222222222222,0.3822222222222222,0.38722222222222225,0.38972222222222225,0.3861111111111111,0.3877777777777778,0.4077777777777778,0.42583333333333334,0.4711111111111111,0.6483333333333333
3,0.48466257668711665,0.4739263803680982,0.5490797546012269,0.42331288343558293,0.4371165644171779,0.17791411042944796,0.880368098159509,0.06901840490797545,0.06441717791411047,0.08742331288343562,0.0843558282208589,0.07822085889570565,0.0674846625766872,0.09202453987730061,0.09509202453987733,0.07361963190184044,0.08742331288343562,0.17944785276073624,0.4202453987730062,0.1809815950920245,0.6119631901840491,0.4217791411042945,0.5582822085889572,0.476993865030675,0.4708588957055215,0.4171779141104295,0.6763803680981596,0.6993865030674847,0.584355828220859,0.17484662576687124,0.2300613496932515,0.4156441717791412,0.10276073619631906,0.08128834355828216,0.1012269938650308,0.07822085889570565,0.08588957055214737,0.15797546012269933,0.0797546012269939,0.06441717791411047,0.0966257668711656,0.0966257668711656,0.07822085889570565,0.07361963190184044,0.0966257668711656,0.08895705521472388,0.07361963190184044,0.11503067484662576,0.4616564417177915,0.09815950920245407,0.18251533742331297,0.5506134969325154,0.476993865030675,0.5521472392638036,0.5797546012269938,0.4171779141104295,0.6487730061349692,0.3205521472392639,0.13190184049079767,0.10276073619631906,0.14417177914110438,0.3220858895705521,0.11503067484662576,0.08128834355828216,0.09509202453987733,0.0843558282208589,0.07515337423312891,0.08128834355828216,0.18711656441717794,0.06288343558282221,0.4217791411042945,0.17791411042944796,0.8282208588957057,0.6119631901840491,0.4202453987730062,0.6303680981595093,0.6457055214723928,0.5199386503067486,0.5858895705521473,0.588957055214724,0.5690184049079756,0.07208588957055219,0.13650306748466265,0.5751533742331288,0.37116564417177916,0.21472392638036808,0.9309815950920245,0.6088957055214724,0.6855828220858896,0.602760736196319,0.6012269938650306,0.21472392638036808,0.2975460122699387,0.08588957055214737,0.04754601226993878,0.08895705521472388,0.08895705521472388,0.08128834355828216,0.06595092024539873,0.09509202453987733,0.09815950920245407,0.0843558282208589,0.08588957055214737,0.19171779141104295,0.31288343558282217
4,0.023055555555555586,0.10638888888888892,0.04555555555555557,0.12666666666666665,0.07611111111111113,0.013611111111111128,0.5108333333333334,0.21333333333333332,0.6527777777777778,0.6397222222222223,0.6430555555555556,0.6458333333333334,0.6377777777777778,0.6372222222222222,0.6416666666666667,0.645,0.6422222222222221,0.6491666666666667,0.10694444444444444,0.45749999999999996,0.7805555555555556,0.15944444444444447,0.04694444444444446,0.05611111111111108,0.04388888888888892,0.053611111111111144,0.01083333333333335,0.01416666666666665,0.04527777777777781,0.0658333333333333,0.6224999999999999,0.7558333333333334,0.10083333333333336,0.6436111111111111,0.6463888888888889,0.6477777777777778,0.6388888888888888,0.6269444444444444,0.7086111111111111,0.6408333333333333,0.6375,0.6419444444444444,0.6461111111111111,0.6394444444444444,0.6372222222222222,0.6463888888888889,0.6444444444444445,0.62,0.5927777777777778,0.036944444444444474,0.6380555555555555,0.7972222222222223,0.07305555555555558,0.04694444444444446,0.02972222222222219,0.10111111111111112,0.019722222222222207,0.12472222222222223,0.038611111111111124,0.6813888888888889,0.6211111111111111,0.6327777777777778,0.9602777777777778,0.6458333333333334,0.6402777777777777,0.6463888888888889,0.6455555555555555,0.6372222222222222,0.6111111111111112,0.16861111111111113,0.008055555555555571,0.011388888888888874,0.5430555555555555,0.08666666666666664,0.2625,0.05138888888888889,0.04222222222222219,0.06805555555555555,0.033055555555555574,0.03722222222222224,0.012222222222222238,0.4697222222222222,0.3572222222222222,0.8005555555555556,0.1736111111111111,0.9819444444444444,0.39972222222222226,0.17750000000000002,0.013055555555555523,0.046111111111111096,0.5880555555555556,0.37472222222222223,0.8913888888888888,0.03222222222222221,0.6533333333333333,0.6366666666666666,0.6427777777777778,0.6475,0.6397222222222223,0.6372222222222222,0.6408333333333333,0.6472222222222223,0.6425000000000001,0.6208333333333333,0.6933333333333334
5,0.19093851132686082,0.4951456310679611,0.255663430420712,0.32686084142394817,0.6796116504854368,0.0970873786407767,0.11003236245954691,0.44983818770226536,0.04207119741100323,0.255663430420712,0.7928802588996763,0.3042071197411003,0.06472491909385113,0.488673139158576,0.7281553398058251,0.07119741100323625,0.11326860841423947,0.5922330097087378,0.1844660194174757,0.12944983818770225,0.4530744336569579,0.7475728155339806,0.7928802588996763,0.8381877022653722,0.8478964401294499,0.7346278317152104,0.8058252427184466,0.5566343042071198,0.6699029126213593,0.2621359223300971,0.18770226537216828,0.6245954692556634,0.16504854368932037,0.33333333333333326,0.715210355987055,0.1941747572815534,0.1715210355987055,0.7411003236245954,0.5598705501618123,0.09061488673139159,0.3948220064724919,0.8317152103559871,0.36893203883495146,0.10355987055016182,0.5728155339805826,0.6375404530744337,0.04854368932038835,0.08414239482200647,0.6148867313915857,0.07119741100323625,0.19093851132686082,0.8252427184466019,0.44983818770226536,0.7799352750809061,0.7119741100323624,0.3851132686084142,0.8155339805825244,0.2750809061488673,0.7864077669902912,0.18770226537216828,0.0744336569579288,0.5566343042071198,0.23300970873786403,0.06148867313915857,0.5436893203883495,0.6245954692556634,0.06472491909385113,0.11326860841423947,0.5857605177993528,0.05177993527508091,0.7734627831715211,0.13915857605177992,0.3851132686084142,0.6893203883495146,0.6828478964401294,0.6375404530744337,0.7766990291262136,0.5372168284789645,0.7411003236245954,0.45954692556634297,0.4660194174757281,0.04530744336569579,0.11326860841423947,0.10032362459546926,0.35275080906148865,0.3980582524271844,0.2362459546925566,0.3559870550161812,0.5922330097087378,0.29773462783171517,0.35922330097087374,0.5857605177993528,0.22653721682847894,0.5016181229773462,0.019417475728155338,0.18122977346278316,0.7928802588996763,0.3624595469255663,0.05825242718446602,0.3980582524271844,0.7055016181229773,0.16504854368932037,0.06796116504854369,0.45954692556634297,0.36893203883495146
6,0.3040752351097179,0.3260188087774295,0.5109717868338557,0.5329153605015674,0.2821316614420063,0.5862068965517241,0.7492163009404389,0.3699059561128527,0.573667711598746,0.4921630094043888,0.3730407523510972,0.5830721003134796,0.670846394984326,0.4702194357366772,0.43260188087774293,0.5579937304075234,0.5078369905956113,0.31347962382445144,0.5109717868338557,0.5329153605015674,0.5579937304075234,0.6990595611285266,0.8025078369905956,0.8463949843260189,0.8432601880877743,0.8213166144200628,0.7084639498432601,0.786833855799373,0.5203761755485893,0.5830721003134796,0.5768025078369906,0.27272727272727276,0.5642633228840126,0.4952978056426332,0.40752351097178685,0.6112852664576803,0.6018808777429467,0.4231974921630095,0.4890282131661442,0.6551724137931034,0.5579937304075234,0.4702194357366772,0.5987460815047021,0.658307210031348,0.4357366771159875,0.3605015673981191,0.5015673981191223,0.45141065830721006,0.20689655172413793,0.4952978056426332,0.5893416927899686,0.36363636363636365,0.786833855799373,0.6363636363636364,0.6363636363636364,0.7899686520376176,0.4482758620689655,0.7586206896551724,0.3448275862068966,0.5266457680250783,0.5297805642633229,0.25391849529780564,0.4137931034482759,0.5956112852664577,0.40125391849529785,0.3667711598746082,0.5454545454545454,0.5141065830721003,0.3040752351097179,0.6489028213166145,0.24451410658307213,0.6332288401253918,0.7210031347962382,0.5862068965517241,0.7021943573667712,0.7711598746081504,0.670846394984326,0.7774294670846394,0.6018808777429467,0.6238244514106583,0.46081504702194365,0.46708463949843265,0.3981191222570533,0.4106583072100314,0.4106583072100314,0.40125391849529785,0.6332288401253918,0.6144200626959248,0.4482758620689655,0.6802507836990596,0.5987460815047021,0.4858934169278998,0.5987460815047021,0.33542319749216304,0.5423197492163009,0.5203761755485893,0.36363636363636365,0.5454545454545454,0.6426332288401254,0.4827586206896552,0.3761755485893417,0.4764890282131662,0.47335423197492166,0.3260188087774295,0.3166144200626959
7,0.981,0.688,0.187,0.14400000000000002,0.642,0.9840000000000001,0.99,0.028999999999999998,0.008,0.002,0.001,0.002,0.003,0.003,0.011000000000000001,0.07400000000000001,0.215,0.564,0.94,0.978,0.885,0.418,0.016,0.001,0.001,0.02,0.136,0.33799999999999997,0.932,0.993,0.995,0.993,0.076,0.045,0.038,0.048,0.179,0.209,0.015,0.012,0.004,0.002,0.006,0.017,0.032,0.096,0.235,0.28600000000000003,0.982,0.996,0.98,0.365,0.017,0.001,0.001,0.01,0.087,0.36,0.853,0.843,0.805,0.955,0.095,0.06,0.013999999999999999,0.009000000000000001,0.023,0.064,0.40399999999999997,0.992,0.929,0.961,0.838,0.927,0.9690000000000001,0.14,0.006999999999999999,0.002,0.003,0.005,0.033,0.998,0.9990000000000001,0.064,0.023,0.04,0.043,0.026000000000000002,0.045,0.207,0.7090000000000001,0.938,0.99,0.040999999999999995,0.02,0.006999999999999999,0.002,0.002,0.004,0.009000000000000001,0.023,0.10300000000000001,0.244,0.525,0.9990000000000001
8,0.0,0.0,0.0,0.0,0.001,0.0,0.002,0.971,0.992,0.998,0.9990000000000001,0.998,0.997,0.997,0.9890000000000001,0.9259999999999999,0.784,0.43200000000000005,0.051,0.015,0.006,0.0,0.0,0.0,0.0,0.0,0.0,0.001,0.0,0.002,0.003,0.006,0.924,0.955,0.9620000000000001,0.9520000000000001,0.821,0.7909999999999999,0.985,0.988,0.996,0.998,0.9940000000000001,0.983,0.968,0.904,0.764,0.7140000000000001,0.013999999999999999,0.002,0.008,0.0,0.0,0.0,0.0,0.0,0.0,0.0,0.13699999999999998,0.155,0.19399999999999998,0.045,0.905,0.94,0.986,0.991,0.977,0.9359999999999999,0.595,0.006,0.004,0.002,0.003,0.0,0.0,0.0,0.0,0.0,0.0,0.0,0.0,0.002,0.001,0.0,0.0,0.0,0.0,0.0,0.0,0.002,0.03,0.013999999999999999,0.006999999999999999,0.9590000000000001,0.98,0.993,0.998,0.998,0.996,0.991,0.977,0.897,0.7559999999999999,0.474,0.001
9,0.019,0.312,0.813,0.856,0.35700000000000004,0.016,0.008,0.0,0.0,0.0,0.0,0.0,0.0,0.0,0.0,0.0,0.0,0.005,0.009000000000000001,0.006999999999999999,0.109,0.5820000000000001,0.9840000000000001,0.9990000000000001,0.9990000000000001,0.98,0.863,0.6609999999999999,0.068,0.005,0.002,0.0,0.0,0.0,0.0,0.0,0.0,0.0,0.0,0.0,0.0,0.0,0.0,0.0,0.0,0.0,0.001,0.0,0.004,0.002,0.012,0.635,0.983,0.9990000000000001,0.9990000000000001,0.99,0.9129999999999999,0.64,0.01,0.001,0.001,0.0,0.0,0.0,0.0,0.0,0.0,0.0,0.001,0.002,0.068,0.036000000000000004,0.159,0.073,0.031,0.86,0.993,0.998,0.997,0.995,0.9670000000000001,0.001,0.0,0.9359999999999999,0.977,0.96,0.9570000000000001,0.9740000000000001,0.955,0.7909999999999999,0.261,0.048,0.002,0.0,0.0,0.0,0.0,0.0,0.0,0.0,0.0,0.0,0.0,0.001,0.001
